regulon	threshold	nCellsAssigned
MG-M1	0.0498409946930337	22993
MG-M2	0.122226385179301	21670
MG-M3	0.0372110474518147	20937
MG-M4	0.124412312847832	21187
